listed_in,no_genre
Dramas,0
Independent Movies,1
International Movies,2
British TV Shows,3
Reality TV,4
Comedies,5
Romantic Movies,6
Horror Movies,7
Sci-Fi & Fantasy,8
Thrillers,9
Action & Adventure,10
Classic Movies,11
Anime Features,12
Children & Family Movies,13
Documentaries,14
Music & Musicals,15
Cult Movies,16
Faith & Spirituality,17
LGBTQ Movies,18
Crime TV Shows,19
International TV Shows,20
TV Dramas,21
Romantic TV Shows,22
Spanish-Language TV Shows,23
Stand-Up Comedy,24
TV Shows,25
Movies,26
TV Comedies,27
Sports Movies,28
TV Action & Adventure,29
TV Sci-Fi & Fantasy,30
TV Mysteries,31
Docuseries,32
Anime Series,33
TV Horror,34
Teen TV Shows,35
Korean TV Shows,36
Stand-Up Comedy & Talk Shows,37
Kids' TV,38
Classic & Cult TV,39
TV Thrillers,40
Science & Nature TV,41
